https://crow.docs.docs-dev.com/* https://docs.docs-dev.com/:splat 301!

# v2 Redirects

/guides/step-by-step/generators/*           /guides/basics/generator.html
/guides/step-by-step/basic-feathers/*       /guides/basics/readme.html
/guides/step-by-step/readme.html            /guides/basics/readme.html
/guides/advanced/configuration.html         /api/configuration.html
/api/rest.html                              /api/express.html

/api/authentication/local-management.html   https://github.com/feathers-plus/feathers-authentication-management/blob/master/docs.md
/api/authentication/hooks.html              https://github.com/docs-dev-ecosystem/feathers-authentication-hooks
/api/hooks-common.html                      https://feathers-plus.github.io/v1/feathers-hooks-common/

/api/databases/memory.html                  https://github.com/docs-dev-ecosystem/feathers-memory
/api/databases/localstorage.html            https://github.com/docs-dev-ecosystem/feathers-localstorage
/api/databases/nedb.html                    https://github.com/docs-dev-ecosystem/feathers-nedb
/api/databases/mongodb.html                 https://github.com/docs-dev-ecosystem/feathers-mongodb
/api/databases/mongoose.html                https://github.com/docs-dev-ecosystem/feathers-mongoose
/api/databases/knexjs.html                  https://github.com/docs-dev-ecosystem/feathers-knex
/api/databases/sequelize.html               https://github.com/docs-dev-ecosystem/feathers-sequelize
/api/databases/elasticsearch.html           https://github.com/docs-dev-ecosystem/feathers-elasticsearch
/api/databases/rethinkdb.html               https://github.com/docs-dev-ecosystem/feathers-rethinkdb

/guides/advanced/debugging.html             https://blog.docs-dev.com/debugging-feathers-with-visual-studio-code-406e6adf2882
/guides/about/philosophy.html               https://blog.docs-dev.com/why-we-built-the-best-web-framework-you-ve-probably-never-heard-of-until-now-176afc5c6aac
/guides/about/features.html                 https://docs-dev.com/features
/guides/about/vs.html                       https://docs-dev.com/comparison

/ecosystem/readme.html                      https://github.com/docs-dev/awesome-docs-dev

# Crow Redirects

/migrating.html                             /guides/migrating.html
/security.html                              /guides/security.html
/help/readme.html                           /help/
/faq/readme.html                            /help/faq.html

/api/authentication/oauth1.html             /api/authentication/oauth.html
/api/authentication/oauth2.html             /api/authentication/oauth.html
/api/authentication/server.html             /api/authentication/

/guides/frameworks/readme.html              /guides/frameworks.html
/guides/basics/readme.html                  /guides/
/guides/basics/clients.html                 /guides/basics/starting.html
/guides/basics/databases.html               /guides/basics/services.html
/guides/basics/real-time.html               /guides/basics/services.html

/guides/chat/readme.html                    /guides/
/guides/chat/authentication.html            /guides/basics/authentication.html
/guides/chat/creating.html                  /guides/basics/generator.html
/guides/chat/frontend.html                  /guides/basics/frontend.html
/guides/chat/processing.html                /guides/basics/hooks.html
/guides/chat/service.html                   /guides/basics/services.html
/guides/chat/testing.html                   /guides/basics/testing.html

/guides/advanced/readme.html                /cookbook/
/guides/advanced/file-uploading.html        /cookbook/express/file-uploading.html
/guides/advanced/using-a-view-engin.html    /cookbook/express/view-engin.html
/guides/advanced/scaling.html               /cookbook/general/scaling.html

/guides/auth/readme.html                    /cookbook/
/guides/auth/recipe.oauth-basic.html        /guides/basics/authentication.html
/guides/auth/how-jwt-works.html             /guides/basics/authentication.html
/guides/auth/recipe.express-middleware.html /cookbook/express/middleware-authentication.html
/guides/auth/recipe.mixed-auth.html         /cookbook/authentication/anonymous.html
/guides/auth/recipe.customize-jwt-payload.html  /api/authentication/service.html
/guides/auth/recipe.customize-response.html /api/authentication/strategy.html

/*/readme.html                              /:splat 301!
